{"cameraMode":{"drawMode":0,"name":"Shaded","section":"Shading Mode"},"sceneLighting":true,"audioPlay":false,"sceneViewState":{"showFog":true,"showMaterialUpdate":false,"showSkybox":true,"showFlares":true,"showImageEffects":true,"showParticleSystems":true},"in2DMode":false,"pivot":{"x":-0.738243579864502,"y":-0.6515047550201416,"z":1.6899770498275757},"rotation":{"x":-0.3818315863609314,"y":0.011642254889011383,"z":-0.00481016980484128,"w":-0.9241461157798767},"size":4.507394790649414,"orthographic":false}