{"cameraMode":{"drawMode":0,"name":"Shaded","section":"Shading Mode"},"sceneLighting":true,"audioPlay":false,"sceneViewState":{"showFog":true,"showMaterialUpdate":true,"showSkybox":true,"showFlares":true,"showImageEffects":true,"showParticleSystems":true},"in2DMode":false,"pivot":{"x":0.3583149313926697,"y":-0.42783355712890627,"z":0.037810564041137698},"rotation":{"x":-0.41785597801208498,"y":-0.13008348643779756,"z":0.06059069186449051,"w":-0.8971084356307983},"size":3.933283567428589,"orthographic":false}