{"cameraMode":{"drawMode":0,"name":"Shaded","section":"Shading Mode"},"sceneLighting":true,"audioPlay":false,"sceneViewState":{"showFog":true,"showMaterialUpdate":true,"showSkybox":true,"showFlares":true,"showImageEffects":true,"showParticleSystems":true},"in2DMode":false,"pivot":{"x":-0.17241621017456056,"y":0.7604596614837647,"z":1.0916199684143067},"rotation":{"x":-0.23848937451839448,"y":-0.0262165367603302,"z":0.006440912373363972,"w":-0.9707698225975037},"size":3.933283567428589,"orthographic":false}