{"cameraMode":{"drawMode":0,"name":"Shaded","section":"Shading Mode"},"sceneLighting":true,"audioPlay":false,"sceneViewState":{"showFog":true,"showMaterialUpdate":true,"showSkybox":true,"showFlares":true,"showImageEffects":true,"showParticleSystems":true},"in2DMode":false,"pivot":{"x":-0.6114385724067688,"y":0.6869449615478516,"z":0.5746424198150635},"rotation":{"x":-0.2599624991416931,"y":-0.053558722138404849,"z":0.01444278098642826,"w":-0.9640240669250488},"size":2.4452342987060549,"orthographic":false}